{"cameraMode":{"drawMode":0,"name":"Shaded","section":"Shading Mode"},"sceneLighting":false,"audioPlay":false,"sceneViewState":{"m_AlwaysRefresh":false,"showFog":true,"showSkybox":false,"showFlares":true,"showImageEffects":true,"showParticleSystems":true,"showVisualEffectGraphs":true,"m_FxEnabled":true},"in2DMode":false,"pivot":{"x":-0.5185455083847046,"y":0.7535421848297119,"z":2.9705605506896974},"rotation":{"x":0.4112871587276459,"y":-0.010937699116766453,"z":0.0049356999807059769,"w":0.9114261865615845},"size":1.682624101638794,"orthographic":false}